Statistic,Value
Mean,166.13333333333333
Median,155.0
Standard Deviation,55.23710508143758
