Statistic,Value
Mean,164.3409090909091
Median,154.0
Standard Deviation,58.336774298354804
